{"title":"Welcome to my website!","markdown":{"yaml":{"about":{"template":"jolla","id":"about-block","image":"img/my_image.jpg","links":[{"icon":"twitter","text":"Twitter","href":"https://twitter.com/XXXXX"},{"icon":"github","text":"Github","href":"https://github.com/XXXXXXX"},{"icon":"linkedin","text":"LinkedIn","href":"https://www.linkedin.com/in/XXXXXX/"},{"icon":"envelope","text":"Email","href":"mailto:XXXXXX@XXXX.com"}]}},"headingText":"Welcome to my website!","containsRefs":false,"markdown":"\n\n::: {#about-block}\n:::\n\n\nI am Gandalf the White, a renowned wizard and scholar of Middle-earth. Over the centuries, I have dedicated my life to studying the history, languages, and cultures of the peoples of Middle-earth. On this website, I offer a glimpse into my vast body of knowledge, ongoing research, and publications.\n\nMy research interests span the entirety of Middle-earth, from the distant past to the present day. I am particularly passionate about the languages and mythologies of the Elves, Dwarves, and Men, and I have made significant contributions to the understanding of these subjects. My studies of the natural world have also been extensive, and I am an expert in the flora and fauna of Middle-earth. Additionally, I have been involved in many important historical events and offer valuable first-hand accounts and insights on the past.\n\nNot only am I a scholar, but I am also a mentor and teacher. Over the centuries, I have had the honor of working with many young wizards, passing on my knowledge and experience to the next generation. I have a particular interest in the education of hobbits, whom I see as having great potential despite their small size and simple lifestyle. My teaching style is engaging and accessible, and I encourage my students to think critically and creatively.\n\nOn this website, you will find a selection of my published works, including scholarly articles, monographs, and translations. You will also find news and updates on my current research projects, as well as information on upcoming events and conferences where I will be speaking. I invite you to explore my website and learn more about my life's work as one of Middle-earth's greatest scholars and thinkers.\n\n","srcMarkdownNoYaml":"\n\n::: {#about-block}\n:::\n\n# Welcome to my website!\n\nI am Gandalf the White, a renowned wizard and scholar of Middle-earth. Over the centuries, I have dedicated my life to studying the history, languages, and cultures of the peoples of Middle-earth. On this website, I offer a glimpse into my vast body of knowledge, ongoing research, and publications.\n\nMy research interests span the entirety of Middle-earth, from the distant past to the present day. I am particularly passionate about the languages and mythologies of the Elves, Dwarves, and Men, and I have made significant contributions to the understanding of these subjects. My studies of the natural world have also been extensive, and I am an expert in the flora and fauna of Middle-earth. Additionally, I have been involved in many important historical events and offer valuable first-hand accounts and insights on the past.\n\nNot only am I a scholar, but I am also a mentor and teacher. Over the centuries, I have had the honor of working with many young wizards, passing on my knowledge and experience to the next generation. I have a particular interest in the education of hobbits, whom I see as having great potential despite their small size and simple lifestyle. My teaching style is engaging and accessible, and I encourage my students to think critically and creatively.\n\nOn this website, you will find a selection of my published works, including scholarly articles, monographs, and translations. You will also find news and updates on my current research projects, as well as information on upcoming events and conferences where I will be speaking. I invite you to explore my website and learn more about my life's work as one of Middle-earth's greatest scholars and thinkers.\n\n"},"formats":{"html":{"identifier":{"display-name":"HTML","target-format":"html","base-format":"html"},"execute":{"fig-width":7,"fig-height":5,"fig-format":"retina","fig-dpi":96,"df-print":"default","error":false,"eval":true,"cache":null,"freeze":false,"echo":true,"output":true,"warning":true,"include":true,"keep-md":false,"keep-ipynb":false,"ipynb":null,"enabled":null,"daemon":null,"daemon-restart":false,"debug":false,"ipynb-filters":[],"ipynb-shell-interactivity":null,"plotly-connected":true,"engine":"markdown"},"render":{"keep-tex":false,"keep-typ":false,"keep-source":false,"keep-hidden":false,"prefer-html":false,"output-divs":true,"output-ext":"html","fig-align":"default","fig-pos":null,"fig-env":null,"code-fold":"none","code-overflow":"scroll","code-link":true,"code-line-numbers":false,"code-tools":false,"tbl-colwidths":"auto","merge-includes":true,"inline-includes":false,"preserve-yaml":false,"latex-auto-mk":true,"latex-auto-install":true,"latex-clean":true,"latex-min-runs":1,"latex-max-runs":10,"latex-makeindex":"makeindex","latex-makeindex-opts":[],"latex-tlmgr-opts":[],"latex-input-paths":[],"latex-output-dir":null,"link-external-icon":false,"link-external-newwindow":false,"self-contained-math":false,"format-resources":[],"notebook-links":true},"pandoc":{"standalone":true,"wrap":"none","default-image-extension":"png","to":"html","toc":false,"reference-location":"margin","output-file":"index.html"},"language":{"toc-title-document":"Table of contents","toc-title-website":"On this page","related-formats-title":"Other Formats","related-notebooks-title":"Notebooks","source-notebooks-prefix":"Source","other-links-title":"Other Links","code-links-title":"Code Links","launch-dev-container-title":"Launch Dev Container","launch-binder-title":"Launch Binder","article-notebook-label":"Article Notebook","notebook-preview-download":"Download Notebook","notebook-preview-download-src":"Download Source","notebook-preview-back":"Back to Article","manuscript-meca-bundle":"MECA Bundle","section-title-abstract":"Abstract","section-title-appendices":"Appendices","section-title-footnotes":"Footnotes","section-title-references":"References","section-title-reuse":"Reuse","section-title-copyright":"Copyright","section-title-citation":"Citation","appendix-attribution-cite-as":"For attribution, please cite this work as:","appendix-attribution-bibtex":"BibTeX citation:","appendix-view-license":"View License","title-block-author-single":"Author","title-block-author-plural":"Authors","title-block-affiliation-single":"Affiliation","title-block-affiliation-plural":"Affiliations","title-block-published":"Published","title-block-modified":"Modified","title-block-keywords":"Keywords","callout-tip-title":"Tip","callout-note-title":"Note","callout-warning-title":"Warning","callout-important-title":"Important","callout-caution-title":"Caution","code-summary":"Code","code-tools-menu-caption":"Code","code-tools-show-all-code":"Show All Code","code-tools-hide-all-code":"Hide All Code","code-tools-view-source":"View Source","code-tools-source-code":"Source Code","tools-share":"Share","tools-download":"Download","code-line":"Line","code-lines":"Lines","copy-button-tooltip":"Copy to Clipboard","copy-button-tooltip-success":"Copied!","repo-action-links-edit":"Edit this page","repo-action-links-source":"View source","repo-action-links-issue":"Report an issue","back-to-top":"Back to top","search-no-results-text":"No results","search-matching-documents-text":"matching documents","search-copy-link-title":"Copy link to search","search-hide-matches-text":"Hide additional matches","search-more-match-text":"more match in this document","search-more-matches-text":"more matches in this document","search-clear-button-title":"Clear","search-text-placeholder":"","search-detached-cancel-button-title":"Cancel","search-submit-button-title":"Submit","search-label":"Search","toggle-section":"Toggle section","toggle-sidebar":"Toggle sidebar navigation","toggle-dark-mode":"Toggle dark mode","toggle-reader-mode":"Toggle reader mode","toggle-navigation":"Toggle navigation","crossref-fig-title":"Figure","crossref-tbl-title":"Table","crossref-lst-title":"Listing","crossref-thm-title":"Theorem","crossref-lem-title":"Lemma","crossref-cor-title":"Corollary","crossref-prp-title":"Proposition","crossref-cnj-title":"Conjecture","crossref-def-title":"Definition","crossref-exm-title":"Example","crossref-exr-title":"Exercise","crossref-ch-prefix":"Chapter","crossref-apx-prefix":"Appendix","crossref-sec-prefix":"Section","crossref-eq-prefix":"Equation","crossref-lof-title":"List of Figures","crossref-lot-title":"List of Tables","crossref-lol-title":"List of Listings","environment-proof-title":"Proof","environment-remark-title":"Remark","environment-solution-title":"Solution","listing-page-order-by":"Order By","listing-page-order-by-default":"Default","listing-page-order-by-date-asc":"Oldest","listing-page-order-by-date-desc":"Newest","listing-page-order-by-number-desc":"High to Low","listing-page-order-by-number-asc":"Low to High","listing-page-field-date":"Date","listing-page-field-title":"Title","listing-page-field-description":"Description","listing-page-field-author":"Author","listing-page-field-filename":"File Name","listing-page-field-filemodified":"Modified","listing-page-field-subtitle":"Subtitle","listing-page-field-readingtime":"Reading Time","listing-page-field-wordcount":"Word Count","listing-page-field-categories":"Categories","listing-page-minutes-compact":"{0} min","listing-page-category-all":"All","listing-page-no-matches":"No matching items","listing-page-words":"{0} words","listing-page-filter":"Filter","draft":"Draft"},"metadata":{"lang":"en","fig-responsive":true,"quarto-version":"1.5.56","fontsize":"1.1em","theme":["pulse","html/styles.scss"],"anchor-sections":true,"fig-cap-location":"margin","footnotes-hover":true,"about":{"template":"jolla","id":"about-block","image":"img/my_image.jpg","links":[{"icon":"twitter","text":"Twitter","href":"https://twitter.com/XXXXX"},{"icon":"github","text":"Github","href":"https://github.com/XXXXXXX"},{"icon":"linkedin","text":"LinkedIn","href":"https://www.linkedin.com/in/XXXXXX/"},{"icon":"envelope","text":"Email","href":"mailto:XXXXXX@XXXX.com"}]}},"extensions":{"book":{"multiFile":true}}}},"projectFormats":["html"]}