{"title":"Web apps in R - To package or not to package?","markdown":{"yaml":{"title":"Web apps in R - To package or not to package?","description":"Different approaches to developing web apps in R","author":[{"name":"Christina Buelow"}],"date":"2024-04-19","categories":["quarto","R","web app","golem"],"image":"shiny.png","draft":false},"headingText":"Quarto 'quick and dirty' or {Golem} for longevity and complexity?","containsRefs":false,"markdown":"\n\n\nAs expected in an open-source programming language, the app-making landscape in **R** seems to be in constant flux. Something *newish* that I've been finding useful lately is using [Quarto's 'Dashboards with Shiny for R'](https://quarto.org/docs/dashboards/interactivity/shiny-r.html) feature.\n\n**Quarto** is very similar to Rmarkdown, but has a few additional features. One of them is the ability to embed R {shiny} apps. So you end up writing your app like you would a markdown doc - the context, ui, and server are all code chunks, and the text around those code chunks set's up the UI. For example, normally in markdown we use `#` to delineate and navigate headers; in Quarto Shiny Dashboards, `#` are used to delineate pages, tab panels, etc.\n\nI've found it's great for proto-typing simple apps - you can get something up and running very quickly in **Quarto's 'Dashboards with Shiny for R'**. However, I think it could get unwieldy when you start building complex apps with modules etc. In that case, developing your {shiny} app as an R package with [{golem}](https://github.com/ThinkR-open/golem?tab=readme-ov-file#golem-) might be a better option. {golem} provides a great framework for [engineering production grade shiny apps](https://engineering-shiny.org/) that are complex and can be easily maintained in the long-term.\n\nI ended up turning the prototype app I built in **Quarto's 'Dashboards with Shiny for R'** into an R package with {golem}. It took much longer than I expected, but much of that time was learning about R package development (which I had never done before) and {golem}.\n\nIn the end I think it was worth the extra time and effort streamline as an R package. But if you want to compare for yourself, find the [protoype Quarto dashboard shiny here](https://github.com/cabuelow/oceans-dashboard?tab=readme-ov-file#oceans-mel-dashboard) and the {golem} [R package version here](https://github.com/cabuelow/OceansDash?tab=readme-ov-file#oceans-monitoring-evaluation--learning-dashboard).\n\nCurious to hear others' experiences though - please get in touch.","srcMarkdownNoYaml":"\n\n### Quarto 'quick and dirty' or {Golem} for longevity and complexity?\n\nAs expected in an open-source programming language, the app-making landscape in **R** seems to be in constant flux. Something *newish* that I've been finding useful lately is using [Quarto's 'Dashboards with Shiny for R'](https://quarto.org/docs/dashboards/interactivity/shiny-r.html) feature.\n\n**Quarto** is very similar to Rmarkdown, but has a few additional features. One of them is the ability to embed R {shiny} apps. So you end up writing your app like you would a markdown doc - the context, ui, and server are all code chunks, and the text around those code chunks set's up the UI. For example, normally in markdown we use `#` to delineate and navigate headers; in Quarto Shiny Dashboards, `#` are used to delineate pages, tab panels, etc.\n\nI've found it's great for proto-typing simple apps - you can get something up and running very quickly in **Quarto's 'Dashboards with Shiny for R'**. However, I think it could get unwieldy when you start building complex apps with modules etc. In that case, developing your {shiny} app as an R package with [{golem}](https://github.com/ThinkR-open/golem?tab=readme-ov-file#golem-) might be a better option. {golem} provides a great framework for [engineering production grade shiny apps](https://engineering-shiny.org/) that are complex and can be easily maintained in the long-term.\n\nI ended up turning the prototype app I built in **Quarto's 'Dashboards with Shiny for R'** into an R package with {golem}. It took much longer than I expected, but much of that time was learning about R package development (which I had never done before) and {golem}.\n\nIn the end I think it was worth the extra time and effort streamline as an R package. But if you want to compare for yourself, find the [protoype Quarto dashboard shiny here](https://github.com/cabuelow/oceans-dashboard?tab=readme-ov-file#oceans-mel-dashboard) and the {golem} [R package version here](https://github.com/cabuelow/OceansDash?tab=readme-ov-file#oceans-monitoring-evaluation--learning-dashboard).\n\nCurious to hear others' experiences though - please get in touch."},"formats":{"html":{"identifier":{"display-name":"HTML","target-format":"html","base-format":"html"},"execute":{"fig-width":7,"fig-height":5,"fig-format":"retina","fig-dpi":96,"df-print":"default","error":false,"eval":true,"cache":null,"freeze":"auto","echo":true,"output":true,"warning":true,"include":true,"keep-md":false,"keep-ipynb":false,"ipynb":null,"enabled":null,"daemon":null,"daemon-restart":false,"debug":false,"ipynb-filters":[],"ipynb-shell-interactivity":null,"plotly-connected":true,"engine":"markdown"},"render":{"keep-tex":false,"keep-typ":false,"keep-source":false,"keep-hidden":false,"prefer-html":false,"output-divs":true,"output-ext":"html","fig-align":"default","fig-pos":null,"fig-env":null,"code-fold":"none","code-overflow":"scroll","code-link":true,"code-line-numbers":false,"code-tools":false,"tbl-colwidths":"auto","merge-includes":true,"inline-includes":false,"preserve-yaml":false,"latex-auto-mk":true,"latex-auto-install":true,"latex-clean":true,"latex-min-runs":1,"latex-max-runs":10,"latex-makeindex":"makeindex","latex-makeindex-opts":[],"latex-tlmgr-opts":[],"latex-input-paths":[],"latex-output-dir":null,"link-external-icon":false,"link-external-newwindow":false,"self-contained-math":false,"format-resources":[],"notebook-links":true},"pandoc":{"standalone":true,"wrap":"none","default-image-extension":"png","to":"html","toc":false,"reference-location":"margin","output-file":"index.html"},"language":{"toc-title-document":"Table of contents","toc-title-website":"On this page","related-formats-title":"Other Formats","related-notebooks-title":"Notebooks","source-notebooks-prefix":"Source","other-links-title":"Other Links","code-links-title":"Code Links","launch-dev-container-title":"Launch Dev Container","launch-binder-title":"Launch Binder","article-notebook-label":"Article Notebook","notebook-preview-download":"Download Notebook","notebook-preview-download-src":"Download Source","notebook-preview-back":"Back to Article","manuscript-meca-bundle":"MECA Bundle","section-title-abstract":"Abstract","section-title-appendices":"Appendices","section-title-footnotes":"Footnotes","section-title-references":"References","section-title-reuse":"Reuse","section-title-copyright":"Copyright","section-title-citation":"Citation","appendix-attribution-cite-as":"For attribution, please cite this work as:","appendix-attribution-bibtex":"BibTeX citation:","appendix-view-license":"View License","title-block-author-single":"Author","title-block-author-plural":"Authors","title-block-affiliation-single":"Affiliation","title-block-affiliation-plural":"Affiliations","title-block-published":"Published","title-block-modified":"Modified","title-block-keywords":"Keywords","callout-tip-title":"Tip","callout-note-title":"Note","callout-warning-title":"Warning","callout-important-title":"Important","callout-caution-title":"Caution","code-summary":"Code","code-tools-menu-caption":"Code","code-tools-show-all-code":"Show All Code","code-tools-hide-all-code":"Hide All Code","code-tools-view-source":"View Source","code-tools-source-code":"Source Code","tools-share":"Share","tools-download":"Download","code-line":"Line","code-lines":"Lines","copy-button-tooltip":"Copy to Clipboard","copy-button-tooltip-success":"Copied!","repo-action-links-edit":"Edit this page","repo-action-links-source":"View source","repo-action-links-issue":"Report an issue","back-to-top":"Back to top","search-no-results-text":"No results","search-matching-documents-text":"matching documents","search-copy-link-title":"Copy link to search","search-hide-matches-text":"Hide additional matches","search-more-match-text":"more match in this document","search-more-matches-text":"more matches in this document","search-clear-button-title":"Clear","search-text-placeholder":"","search-detached-cancel-button-title":"Cancel","search-submit-button-title":"Submit","search-label":"Search","toggle-section":"Toggle section","toggle-sidebar":"Toggle sidebar navigation","toggle-dark-mode":"Toggle dark mode","toggle-reader-mode":"Toggle reader mode","toggle-navigation":"Toggle navigation","crossref-fig-title":"Figure","crossref-tbl-title":"Table","crossref-lst-title":"Listing","crossref-thm-title":"Theorem","crossref-lem-title":"Lemma","crossref-cor-title":"Corollary","crossref-prp-title":"Proposition","crossref-cnj-title":"Conjecture","crossref-def-title":"Definition","crossref-exm-title":"Example","crossref-exr-title":"Exercise","crossref-ch-prefix":"Chapter","crossref-apx-prefix":"Appendix","crossref-sec-prefix":"Section","crossref-eq-prefix":"Equation","crossref-lof-title":"List of Figures","crossref-lot-title":"List of Tables","crossref-lol-title":"List of Listings","environment-proof-title":"Proof","environment-remark-title":"Remark","environment-solution-title":"Solution","listing-page-order-by":"Order By","listing-page-order-by-default":"Default","listing-page-order-by-date-asc":"Oldest","listing-page-order-by-date-desc":"Newest","listing-page-order-by-number-desc":"High to Low","listing-page-order-by-number-asc":"Low to High","listing-page-field-date":"Date","listing-page-field-title":"Title","listing-page-field-description":"Description","listing-page-field-author":"Author","listing-page-field-filename":"File Name","listing-page-field-filemodified":"Modified","listing-page-field-subtitle":"Subtitle","listing-page-field-readingtime":"Reading Time","listing-page-field-wordcount":"Word Count","listing-page-field-categories":"Categories","listing-page-minutes-compact":"{0} min","listing-page-category-all":"All","listing-page-no-matches":"No matching items","listing-page-words":"{0} words","listing-page-filter":"Filter","draft":"Draft"},"metadata":{"lang":"en","fig-responsive":true,"quarto-version":"1.5.56","fontsize":"1.1em","theme":["pulse","../../html/styles.scss"],"anchor-sections":true,"fig-cap-location":"margin","footnotes-hover":true,"title-block-banner":true,"title":"Web apps in R - To package or not to package?","description":"Different approaches to developing web apps in R","author":[{"name":"Christina Buelow"}],"date":"2024-04-19","categories":["quarto","R","web app","golem"],"image":"shiny.png","draft":false},"extensions":{"book":{"multiFile":true}}}},"draft":false,"projectFormats":["html"]}